0,0,780
1,780,796
2,796,812
4,812,864
5,864,908
6,908,1112
64,1112,2252
65,2252,5732
66,5732,5920
67,5920,6044
68,6044,6528
69,6528,6556
70,6556,6592
71,6592,7048
72,7048,7076
73,7076,7112
74,7112,7552
75,7552,7580
76,7580,7616
77,7616,8016
78,8016,8368
79,8368,9620
80,9620,9704
81,9704,9768
82,9768,9896
83,9896,9960
84,9960,10120
85,10120,10272
86,10272,10328
87,10328,10644
88,10644,10700
89,10700,11208
90,11208,11472
91,11472,11564
92,11564,11592
93,11592,11620
94,11620,11972
95,11972,12144
96,12144,12312
97,12312,12376
98,12376,12608
99,12608,12632
100,12632,12644
101,12644,12688
102,12688,12736
103,12736,12828
104,12828,13060
105,13060,13124
106,13124,13256
107,13256,13316
108,13316,13448
109,13448,13508
110,13508,13960
111,13960,13988
112,13988,14016
113,14016,14044
114,14044,14072
115,14072,14192
116,14192,14308
117,14308,14440
118,14440,14588
119,14588,14840
120,14840,16556
121,16556,20652
122,20652,20948
123,20948,21072
124,21072,21276
125,21276,21356
126,21356,21444
127,21444,24256
128,24256,25164
129,25164,26376
130,26376,26548
131,26548,26728
132,26728,26760
133,26760,27436
134,27436,28112
135,28112,28688
136,28688,29876
137,29876,30088
138,30088,30620
139,30620,30796
140,30796,32248
141,32248,32536
142,32536,32824
143,32824,33516
144,33516,34236
145,34236,34488
146,34488,35384
147,35384,36672
148,36672,37232
149,37232,37716
150,37716,37904
151,37904,38412
152,38412,38696
153,38696,40140
154,40140,41384
155,41384,41724
156,41724,41800
157,41800,42232
158,42232,43496
159,43496,43516
160,43516,43844
161,43844,46556
162,46556,46928
163,46928,49200
164,49200,49896
165,49896,50516
166,50516,50868
167,50868,51176
168,51176,51648
169,51648,52276
170,52276,52784
171,52784,53268
172,53268,53328
173,53328,53396
174,53396,53788
175,53788,53992
176,53992,54416
177,54416,54832
178,54832,54852
179,54852,55124
180,55124,55136
181,55136,55340
182,55340,56504
183,56504,57668
184,57668,60468
185,60468,61144
186,61144,61372
187,61372,61580
188,61580,62268
189,62268,63880
190,63880,64468
191,64468,65780
192,65780,66084
193,66084,66100
194,66100,66116
195,66116,66192
196,66192,66220
197,66220,66812
198,66812,68804
199,68804,70796
200,70796,70868
201,70868,71452
202,71452,71596
203,71596,71756
204,71756,71920
205,71920,72428
206,72428,73016
207,73016,73304
208,73304,73620
209,73620,73632
210,73632,73660
211,73660,75984
212,75984,77116
213,77116,77164
214,77164,80868
215,80868,81180
216,81180,81844
217,81844,81892
218,81892,81944
219,81944,81956
220,81956,82024
221,82024,84404
222,84404,85552
223,85552,85620
224,85620,85688
225,85688,85808
226,85808,85896
227,85896,85928
228,85928,87080
229,87080,88068
230,88068,90304
231,90304,98512
232,98512,100024
233,100024,110220
234,110220,111580
235,111580,112388
236,112388,114376
237,114376,119752
238,119752,120484
239,120484,121444
240,121444,131104
241,131104,133748
242,133748,134280
243,134280,135900
244,135900,136216
245,136216,136828
246,136828,137800
247,137800,138320
248,138320,139248
249,139248,139988
250,139988,140316
251,140316,140336
252,140336,141120
253,141120,142632
254,142632,143124
255,143124,145548
256,145548,147348
257,147348,147900
258,147900,151584
259,151584,152744
260,152744,153056
261,153056,158276
262,158276,159592
263,159592,160608
264,160608,161628
265,161628,162796
266,162796,163664
267,163664,165668
268,165668,167060
269,167060,168228
270,168228,168632
271,168632,168960
272,168960,169240
273,169240,169564
274,169564,169816
275,169816,170036
276,170036,174984
277,174984,175792
278,175792,179908
279,179908,180480
280,180480,181672
281,181672,184740
282,184740,184928
283,184928,186368
284,186368,186652
285,186652,189700
286,189700,190060
287,190060,192340
288,192340,192360
289,192360,193412
290,193412,193668
291,193668,194324
292,194324,194476
293,194476,194776
294,194776,195280
295,195280,196008
296,196008,196224
297,196224,196456
298,196456,196760
299,196760,197044
300,197044,197364
301,197364,197416
302,197416,198472
303,198472,201132
304,201132,203780
305,203780,204120
306,204120,204768
307,204768,205772
308,205772,206788
309,206788,207032
310,207032,207248
311,207248,207448
312,207448,208252
313,208252,208908
314,208908,209692
315,209692,210516
316,210516,211604
317,211604,214112
318,214112,215156
319,215156,215688
320,215688,218088
321,218088,218748
322,218748,219340
323,219340,220172
324,220172,222556
325,222556,222644
326,222644,224584
327,224584,224968
328,224968,225012
329,225012,225300
330,225300,225824
331,225824,226696
332,226696,227216
333,227216,227708
334,227708,228784
335,228784,232164
336,232164,233712
337,233712,234040
338,234040,234256
339,234256,234556
340,234556,234776
341,234776,235028
342,235028,235296
343,235296,235516
344,235516,237668
345,237668,238424
346,238424,240328
347,240328,245416
348,245416,245616
349,245616,245632
350,245632,245664
351,245664,245680
352,245680,245712
353,245712,245736
354,245736,245768
355,245768,245800
356,245800,245840
357,245840,245856
358,245856,245876
359,245876,246684
360,246684,246936
361,246936,246988
362,246988,247484
363,247484,249200
364,249200,249708
365,249708,250532
366,250532,250984
367,250984,252740
368,252740,253120
369,253120,256904
370,256904,256924
371,256924,257108
372,257108,257720
373,257720,257744
374,257744,257768
375,257768,257792
376,257792,257816
377,257816,257840
378,257840,257864
379,257864,258724
380,258724,262388
381,262388,263212
382,263212,263944
383,263944,264804
384,264804,265580
385,265580,265676
386,265676,266772
387,266772,267432
388,267432,269584
389,269584,271020
390,271020,271904
391,271904,272820
392,272820,272848
393,272848,273288
394,273288,273648
395,273648,273956
396,273956,274164
397,274164,274492
398,274492,274688
399,274688,275456
400,275456,275944
401,275944,276152
402,276152,276700
403,276700,278300
404,278300,278720
405,278720,279060
406,279060,279712
407,279712,280028
408,280028,280548
409,280548,280864
410,280864,281920
411,281920,282276
412,282276,283308
413,283308,284060
414,284060,284424
415,284424,284620
416,284620,285360
417,285360,285912
418,285912,286324
419,286324,286656
420,286656,287012
421,287012,287208
422,287208,288236
423,288236,289256
424,289256,289560
425,289560,290036
426,290036,290628
427,290628,290824
428,290824,291684
429,291684,293296
430,293296,293960
431,293960,294456
432,294456,294896
433,294896,296144
434,296144,296612
435,296612,298348
436,298348,298456
437,298456,298840
438,298840,299224
439,299224,299728
440,299728,300380
441,300380,301624
442,301624,301960
443,301960,302856
444,302856,303164
445,303164,303592
446,303592,304132
447,304132,304500
448,304500,304668
449,304668,305168
450,305168,305700
451,305700,307500
452,307500,309276
453,309276,309736
454,309736,310132
455,310132,310860
456,310860,314740
457,314740,315024
458,315024,315204
459,315204,318684
460,318684,319020
461,319020,331568
462,331568,334872
463,334872,336084
464,336084,336132
465,336132,336168
466,336168,336380
467,336380,336552
468,336552,337064
469,337064,337240
470,337240,337412
471,337412,337472
472,337472,337568
473,337568,337932
474,337932,338220
475,338220,338256
476,338256,338344
477,338344,338452
478,338452,339092
479,339092,339272
480,339272,339620
481,339620,340104
482,340104,341556
483,341556,342120
484,342120,342868
485,342868,343464
486,343464,343860
487,343860,344744
488,344744,344856
489,344856,345168
490,345168,345480
491,345480,347308
492,347308,347352
493,347352,347384
494,347384,347452
495,347452,347648
496,347648,347844
497,347844,348044
498,348044,348236
499,348236,349108
500,349108,349980
501,349980,350852
502,350852,351724
503,351724,352596
504,352596,353468
505,353468,354340
506,354340,355380
507,355380,356420
508,356420,357428
509,357428,358472
510,358472,359344
511,359344,360216
512,360216,361088
513,361088,361960
514,361960,362832
515,362832,363536
516,363536,364296
517,364296,365056
518,365056,365816
519,365816,366408
520,366408,367468
521,367468,368512
522,368512,369556
523,369556,370600
524,370600,371308
525,371308,373712
526,373712,373912
527,373912,374436
528,374436,375476
529,375476,375904
530,375904,376332
531,376332,376624
532,376624,377644
533,377644,378456
534,378456,379340
535,379340,379768
536,379768,382620
537,382620,383028
538,383028,384368
539,384368,384876
540,384876,385008
541,385008,385480
542,385480,385552
543,385552,385660
544,385660,386392
545,386392,387096
546,387096,387956
547,387956,388156
548,388156,392032
549,392032,392344
550,392344,392656
551,392656,393932
552,393932,398576
553,398576,399448
554,399448,400512
555,400512,401068
556,401068,402140
557,402140,402700
558,402700,403256
559,403256,403700
560,403700,405156
561,405156,405588
562,405588,407880
563,407880,408080
564,408080,408508
565,408508,408704
566,408704,409152
567,409152,409460
568,409460,410516
569,410516,413504
570,413504,413932
571,413932,416292
572,416292,417768
573,417768,418336
574,418336,418372
575,418372,418916
576,418916,419956
577,419956,420612
578,420612,422196
579,422196,422852
580,422852,423384
581,423384,423924
582,423924,424472
583,424472,425020
584,425020,425700
585,425700,426248
586,426248,428488
587,428488,430372
588,430372,431736
589,431736,433080
590,433080,435852
591,435852,436064
592,436064,439868
593,439868,440692
594,440692,441264
595,441264,446756
596,446756,449276
597,449276,463504
598,463504,464072
599,464072,464500
600,464500,465660
601,465660,466040
602,466040,466260
603,466260,471076
604,471076,472128
605,472128,473564
606,473564,473644
607,473644,474196
608,474196,476200
609,476200,477216
610,477216,478812
611,478812,478912
612,478912,479712
613,479712,480036
614,480036,480680
615,480680,481216
616,481216,482764
617,482764,484188
618,484188,487168
619,487168,489712
620,489712,493060
621,493060,494612
622,494612,495404
623,495404,503224
624,503224,510608
625,510608,516248
626,516248,521848
627,521848,523084
628,523084,524484
629,524484,524772
630,524772,524920
631,524920,525036
632,525036,527140
633,527140,528816
634,528816,530024
635,530024,531092
636,531092,531256
637,531256,531380
638,531380,531644
639,531644,534524
640,534524,535248
641,535248,535552
642,535552,540756
643,540756,541332
644,541332,541952
645,541952,542312
646,542312,549444
647,549444,554904
648,554904,554972
649,554972,555092
650,555092,555180
651,555180,561432
652,561432,568176
653,568176,571332
654,571332,572720
655,572720,574272
656,574272,580976
657,580976,582616
658,582616,583436
659,583436,583812
660,583812,584312
661,584312,584812
662,584812,585312
663,585312,587532
664,587532,591808
665,591808,592376
666,592376,593036
667,593036,593388
668,593388,593400
669,593400,593412
670,593412,593424
671,593424,593532
672,593532,594372
673,594372,594544
674,594544,595544
675,595544,597112
676,597112,599244
677,599244,599836
678,599836,600188
679,600188,600752
680,600752,601316
681,601316,601656
682,601656,602020
683,602020,602044
684,602044,602072
685,602072,602256
686,602256,602484
687,602484,602992
688,602992,603016
689,603016,603512
690,603512,604148
691,604148,611648
692,611648,624840
693,624840,627112
694,627112,633952
695,633952,634892
696,634892,635200
697,635200,638312
698,638312,638624
699,638624,639288
700,639288,645884
701,645884,646656
702,646656,653600
703,653600,656024
704,656024,659052
705,659052,664352
706,664352,666088
707,666088,667604
708,667604,668832
709,668832,675236
710,675236,676340
711,676340,677448
712,677448,678356
713,678356,712076
714,712076,712132
715,712132,712212
716,712212,712408
717,712408,712576
718,712576,712768
719,712768,713332
720,713332,713860
721,713860,714432
722,714432,714468
723,714468,715168
724,715168,715616
725,715616,715652
726,715652,715664
727,715664,715676
728,715676,715752
729,715752,716164
730,716164,721052
731,721052,721228
732,721228,722236
733,722236,722412
734,722412,722876
735,722876,723872
736,723872,724872
737,724872,725792
738,725792,726356
739,726356,726532
740,726532,726708
741,726708,726824
742,726824,726952
743,726952,727276
744,727276,727664
745,727664,728360
746,728360,729056
747,729056,729644
748,729644,729660
749,729660,730028
750,730028,730724
751,730724,732268
752,732268,732944
753,732944,733644
754,733644,735508
755,735508,737320
756,737320,737832
757,737832,738008
758,738008,738184
759,738184,738628
760,738628,739136
761,739136,739644
762,739644,740120
763,740120,743312
764,743312,744372
765,744372,748140
766,748140,748316
767,748316,748624
768,748624,749372
769,749372,751372
770,751372,751388
771,751388,751712
772,751712,753432
773,753432,755164
774,755164,756860
775,756860,757168
776,757168,761448
777,761448,761836
778,761836,762004
779,762004,762044
780,762044,762220
781,762220,762616
782,762616,770788
783,770788,784124
784,784124,786884
785,786884,788044
786,788044,789020
787,789020,790168
788,790168,791060
789,791060,791812
790,791812,792256
791,792256,792272
792,792272,792448
793,792448,792948
794,792948,798256
795,798256,804564
796,804564,805992
797,805992,807356
798,807356,808704
799,808704,810176
800,810176,811372
801,811372,812124
802,812124,818436
803,818436,826192
804,826192,827680
805,827680,830748
806,830748,832564
807,832564,834680
808,834680,845236
809,845236,846720
810,846720,851784
811,851784,852776
812,852776,856332
813,856332,864440
814,864440,866156
815,866156,868928
816,868928,869812
817,869812,873544
818,873544,874288
819,874288,874980
820,874980,879572
821,879572,880104
822,880104,881544
823,881544,884048
824,884048,885488
825,885488,887992
826,887992,890944
827,890944,892148
828,892148,893608
829,893608,897076
830,897076,901532
831,901532,901600
832,901600,901672
833,901672,902248
834,902248,903300
835,903300,903876
836,903876,904928
837,904928,905704
838,905704,906284
839,906284,906864
840,906864,907444
841,907444,907836
842,907836,908236
843,908236,908900
844,908900,911492
845,911492,912300
846,912300,914588
847,914588,915148
848,915148,919064
849,919064,921984
850,921984,922736
851,922736,923584
852,923584,924096
853,924096,924208
854,924208,925728
855,925728,927076
856,927076,928072
857,928072,929400
858,929400,930288
859,930288,931244
860,931244,936440
861,936440,936804
862,936804,945732
863,945732,946200
864,946200,949996
865,949996,951900
866,951900,956192
867,956192,956232
868,956232,956272
869,956272,956528
870,956528,957708
871,957708,958028
872,958028,960116
873,960116,960756
874,960756,966448
875,966448,982432
876,982432,982612
877,982612,983560
878,983560,984008
879,984008,987084
880,987084,993956
881,993956,996464
882,996464,996696
883,996696,996928
884,996928,997160
885,997160,997392
886,997392,997624
887,997624,997856
888,997856,998088
889,998088,998312